iPhone_News|591966691158024192|2015-04-25 14:07:12|RT @iphoneinformers: Apple Starts Notifying Developers Who Get An Expedited Apple Watch http://t.co/mxvWrgq7Zq
iPhone_News|591920212427022336|2015-04-25 11:02:30|RT @iphoneinformers: Chinese Court Notes Apple Is Not Guilty Of Siri Patent Infringement http://t.co/AY0Srba1KB
iPhone_News|591905389270179841|2015-04-25 10:03:36|RT @iphoneinformers: Apple Watch Battery Retains Up To 80% Of Its Original Capacity And More http://t.co/fci36X4H3r
iPhone_News|591891045757153281|2015-04-25 09:06:36|RT @iphoneinformers: New Video Shows The Apple Watch Under Water http://t.co/y1ti7itMn1
iPhone_News|591875708433080320|2015-04-25 08:05:40|RT @iphoneinformers: Apple Releases Three New Apple Watch Ads: Rise, Up And Us http://t.co/iWE3ioYLp1
iPhone_News|591859842920423424|2015-04-25 07:02:37|RT @iphoneinformers: Fans Of Apple Watch Are Lining Up At Maxfield In West Hollywood http://t.co/2gG32O4Pl1
iPhone_News|591774766266212353|2015-04-25 01:24:33|iPhone News Daily is out! http://t.co/N5IBGs4VAv
iPhone_News|591759927066038272|2015-04-25 00:25:35|Apple Watch How-to: Setup and pair your Apple Watch with an iPhone http://t.co/WLmEPV7f7I #iPhone
iPhone_News|591681407254036481|2015-04-24 19:13:35|How to Get Your Apple Watch Up and Running [iOS Blog] http://t.co/yFLrNP6Mza #iPhone
iPhone_News|591673494238203904|2015-04-24 18:42:08|MacRumors Giveaway: Pad &amp; Quill Valet Luxury Sleeve and Apple Watch Accessory [Mac Blog] http://t.co/4WjnGUW1yT #iPhone
iPhone_News|591662916643921921|2015-04-24 18:00:06|How to pair your new Apple Watch with your iPhone http://t.co/fVDjO7zYRh #iPhone
iPhone_News|591642149373902849|2015-04-24 16:37:35|SquareTrade Announces 2-Year Apple Watch Protection Plans [iOS Blog] http://t.co/BhpnJdX7Cp #iPhone
iPhone_News|591641396139806720|2015-04-24 16:34:35|9to5Toys Lunch Break: iTunes gift cards 20% off, iPhone 6 armband $7, 13″ MacBook Air $800 (or $750 w/… http://t.co/KSgC0qNeGt #iPhone
iPhone_News|591634359263764480|2015-04-24 16:06:37|Apple Outlines Types of Apple Watch Damage Eligible for Warranty Service http://t.co/yT2BtVONzh #iPhone
iPhone_News|591626424156426240|2015-04-24 15:35:06|Apple Introduces New 5W Charger With Folding Pins in United Kingdom http://t.co/xaCfnbID8N #iPhone
iPhone_News|591618120508252160|2015-04-24 15:02:06|Apple Offers Virtual 'Personal Setup' to Soon-to-Be Apple Watch Owners [iOS Blog] http://t.co/dS3lbjfB06 #iPhone
iPhone_News|591610567325954049|2015-04-24 14:32:05|Teardown of 38mm Apple Watch Sport Reveals 205 mAh Battery, Taptic Engine http://t.co/yV0n9kK0Io #iPhone
iPhone_News|591603903185170432|2015-04-24 14:05:36|RT @iphoneinformers: Apple Watch Speculated To Use A5-Equivalent Processor http://t.co/RSSQm6XJI7
iPhone_News|591588904068874241|2015-04-24 13:06:00|RT @iphoneinformers: Customers Line Up At Boutique Fashion Retailers For Apple Watch Debut http://t.co/z7XvGDp5U2
iPhone_News|591574195517190144|2015-04-24 12:07:33|RT @iphoneinformers: ‘Offers Apple Watch App’ Label Now Added To App Store http://t.co/JaadNyo52O
iPhone_News|591544003092414464|2015-04-24 10:07:35|RT @iphoneinformers: Apple Rumored To Introduce Updated iPod Touch This Year http://t.co/CXvlIggJlP
iPhone_News|591527650906210304|2015-04-24 09:02:36|RT @iphoneinformers: Apple Updates TestFlight With New Support For Beta Testing Apple Watch Apps http://t.co/DulqV55mys
iPhone_News|591514241531662337|2015-04-24 08:09:19|RT @iphoneinformers: Apple Officially Opens Apple Watch App Store http://t.co/eFwOxJBid4
iPhone_News|591498788084129792|2015-04-24 07:07:55|RT @iphoneinformers: Apple Sends Out Email To Apple Watch Customers With ‘Processing Item’ http://t.co/sqKUVAZ2ZD
iPhone_News|591423710189330432|2015-04-24 02:09:35|First Impressions of Apple Watch: Incredibly Comfortable, Unique and Easy Setup http://t.co/2B33IzxByS #iPhone
iPhone_News|591412364454539264|2015-04-24 01:24:30|iPhone News Daily is out! http://t.co/YPBO2fVHJQ
iPhone_News|591406748809867265|2015-04-24 01:02:11|Apple Watches Shipping to Customers Confirmed to Have Covered Diagnostic Port [iOS Blog] http://t.co/mM3HiD8caw #iPhone
iPhone_News|591343356262748160|2015-04-23 20:50:17|Buyer's Guide: Deals on MacBook Air, Retina MacBook Pro, Apple Accessories, and More [Mac Blog] http://t.co/9u9ojz2XKL #iPhone
iPhone_News|591311719504424960|2015-04-23 18:44:34|How to Add and Organize Images in Photos for OS X Yosemite [Mac Blog] http://t.co/bOJCokcz1i #iPhone
iPhone_News|591304057677033474|2015-04-23 18:14:07|Apple Shares List of Must-Have Apps as Apple Watch App Store Goes Live Today http://t.co/pYBlmKSU1k #iPhone
iPhone_News|591296117247254528|2015-04-23 17:42:34|Apple Watch User Guide Now Available http://t.co/DmZ0Vj5fpT #iPhone
iPhone_News|591288190436151296|2015-04-23 17:11:04|Video Software Chief Randy Ubillos Retiring After 20 Years at Apple [Mac Blog] http://t.co/PlJXgURR3c #iPhone
iPhone_News|591280266162741248|2015-04-23 16:39:35|Apple Rumored to Release Updated iPod Touch Later This Year http://t.co/SNZOkEf6vf #iPhone
iPhone_News|591272371891277824|2015-04-23 16:08:13|Apple Watch Weather Apps Provide At-a-Glance Forecasts Throughout the Day [iOS Blog] http://t.co/iiIFCdCimX #iPhone
iPhone_News|591264063373512705|2015-04-23 15:35:12|Djay for Apple Watch Lets You Mix Tracks on Your Wrist, Djay Pro for Mac Gains Video Mixing http://t.co/QLjVqXu79S #iPhone
iPhone_News|591263396479172608|2015-04-23 15:32:33|Hours Time Tracking for Apple Watch launches, iPhone app goes free for a limited time http://t.co/fpTc8zy3JM #iPhone
iPhone_News|591256107038846976|2015-04-23 15:03:35|ElevationLab Debuts $30 Apple Watch 'NightStand' [iOS Blog] http://t.co/RHBLXBHBln #iPhone
iPhone_News|591248199534284802|2015-04-23 14:32:10|'Things' for Apple Watch Puts Task Accomplishment Tools on Your Wrist [iOS Blog] http://t.co/UJKkgEjMhw #iPhone
iPhone_News|591241424957476864|2015-04-23 14:05:15|RT @iphoneinformers: Report Says Apple Is “Unlikely” To Launch 4-inch iPhone Model This Year http://t.co/8m1zm9aJoy
iPhone_News|591226853563719681|2015-04-23 13:07:21|RT @iphoneinformers: Apple Confirms That They Are Shipping Apple Watch Orders Ahead of Schedule http://t.co/oAPwJ78DpY
iPhone_News|591211453794930688|2015-04-23 12:06:09|RT @iphoneinformers: Apple PR Director Natalie Kerris Announces Retirement http://t.co/swfOfLAJJD
iPhone_News|591195728875225088|2015-04-23 11:03:40|Contributed Tweets for @iPhone_News are delivered by @RoundTeam https://t.co/y78sZVJpJf
iPhone_News|591195726056656897|2015-04-23 11:03:39|RT @iphoneinformers: Nokia Reported To Be Targeting Apple To Buy Their ‘HERE Maps’ Division http://t.co/BwXiF8XMML
iPhone_News|591181681597534209|2015-04-23 10:07:51|RT @iphoneinformers: Apple Watch Guided Tours Now Inclueds Apple Pay, Activity, And Workout http://t.co/unFMSbyQUa
iPhone_News|591166423059300352|2015-04-23 09:07:13|RT @iphoneinformers: Certian Fashion Boutiques Will Carry Apple Watches On Hand This Friday http://t.co/AiRIdRvz5T
iPhone_News|591151401570607106|2015-04-23 08:07:31|RT @iphoneinformers: Apple’s Lobbying Costs Increased To $1.24 Million In First Quarter http://t.co/Y2HcVlrcEM
iPhone_News|591049995853398016|2015-04-23 01:24:34|iPhone News Daily is out! http://t.co/EvkcPVM7ie
iPhone_News|591041844672270337|2015-04-23 00:52:11|Apple Watch 'Guided Tours' Site Updated With Videos on Apple Pay, Activity and Workout http://t.co/RhuWcJjAgl #iPhone
iPhone_News|591026724361535488|2015-04-22 23:52:06|Longtime Apple PR Executive Natalie Kerris to Retire [Mac Blog] http://t.co/DTPOzvSt78 #iPhone
iPhone_News|591010179283607553|2015-04-22 22:46:21|RT @iphoneinformers: Apple Releases Environmental Video For Earth Day http://t.co/6armWF8wxA
iPhone_News|591003309281972224|2015-04-22 22:19:03|Review: Is the added protection of the LifeProof Nüüd for iPhone 6 worth the trade-offs? http://t.co/Ccyk0ImYZi #iPhone
iPhone_News|590987710111682560|2015-04-22 21:17:04|MacBook Buyer's Guide: Which MacBook is Right for You? [Mac Blog] http://t.co/gCOkbztuI2 #iPhone
iPhone_News|590955541607907328|2015-04-22 19:09:15|RT @iphoneinformers: ARM Earnings Grow 22% On Royalties From Newer Smartphones http://t.co/1VTfFLTWx1
iPhone_News|590933134700519424|2015-04-22 17:40:12|'Knock' Aims to Let You Unlock Your Mac With Your Apple Watch [iOS Blog] http://t.co/jLiquHOLZP #iPhone
iPhone_News|590925306594140160|2015-04-22 17:09:06|Apple Unlikely to Release New 4-Inch iPhone This Year, New Low-End Model Expected in 2016 http://t.co/ZwvegFvNFR #iPhone
iPhone_News|590924345033302016|2015-04-22 17:05:17|RT @iphoneinformers: Microsoft PowerPoint Updated With Remote Apple Watch Functionality http://t.co/cSzlGPnXso
iPhone_News|590917497102020608|2015-04-22 16:38:04|Popular Apple Watch App Screenshots Revealed Ahead of Friday's Launch http://t.co/SYWyzDKxHd #iPhone
iPhone_News|590898377556004864|2015-04-22 15:22:06|Apple 'unlikely' to launch new 4-inch iPhone model this year, insider says http://t.co/c0i1yVC7wX #iPhone
iPhone_News|590894279624679424|2015-04-22 15:05:49|RT @iphoneinformers: Apple Giving Developers A Chance For An Expedited Apple Watch Order http://t.co/Y9Z2lA5gpM
iPhone_News|590885532818739201|2015-04-22 14:31:03|Apple Watch Pre-Orders in Italy and Other Second Wave Countries Could Begin May 8 http://t.co/xIReliHJuO #iPhone
iPhone_News|590863789010132993|2015-04-22 13:04:39|RT @iphoneinformers: New Update Allows Users To Control Keynote Presentations With Apple Watch http://t.co/x2qI9yV6mi
iPhone_News|590834180562546688|2015-04-22 11:07:00|RT @iphoneinformers: Apple Now Hiring Software Engineers To Bring Transit Info To Maps http://t.co/jkyhubFlVN
iPhone_News|590810429573632002|2015-04-22 09:32:37|iOttie Easy Touch 2 securely mounts your iPhone 6 to your dashboard http://t.co/VV2sXDbLG8 #iPhone
iPhone_News|590803329598513152|2015-04-22 09:04:25|RT @iphoneinformers: Angela Ahrendts Addresses Retail Employees On Apple Watch Launch http://t.co/Wjmhi9rlyn
iPhone_News|590781268721270784|2015-04-22 07:36:45|RT @iphoneinformers: Apple Watch Sport’s Ion-X glass And Endures New Scratch Test http://t.co/RrKawYRn6Z
iPhone_News|590773621833990145|2015-04-22 07:06:22|RT @iphoneinformers: Yahoo Weather App Gains New Update And Released For The Apple Watch http://t.co/addmWEJ310
iPhone_News|590743246143410178|2015-04-22 05:05:40|RT @iphoneinformers: Apple Triples Retail Renewable Energy With 360 Outlets Worldwide Going Green http://t.co/bjs2lVI6On
iPhone_News|590697736745439233|2015-04-22 02:04:49|RT @iphoneinformers: Shazam,TuneIn, And Many Other Apps Updated And Ready For Apple Watch Launch http://t.co/xdZ79fXJEo
iPhone_News|590687577478451200|2015-04-22 01:24:27|iPhone News Daily is out! http://t.co/8JhV6pkz9K
iPhone_News|590684648528863233|2015-04-22 01:12:49|RT @iphoneinformers: NimbleBit Releases New Word Game With Apple Watch Support http://t.co/f2fbryNBnO
iPhone_News|590668799998881793|2015-04-22 00:09:50|RT @iphoneinformers: Apple Reported To Prepare Initial Batch Of Apple Watches For Shipment http://t.co/JhGbAn7hCX
iPhone_News|590659036581879810|2015-04-21 23:31:02|RT @iphoneinformers: Epicurious Brings New Features, And Adds Apple Watch Support http://t.co/cCW48eLQ8B
iPhone_News|590619460286943234|2015-04-21 20:53:47|ARM earnings grow 22 percent on royalties from newer smartphones like iPhone 6 http://t.co/7L0rS16DIh #iPhone
iPhone_News|590594898010775552|2015-04-21 19:16:11|Apple job listing confirms plans to bring public transit info to its Maps service http://t.co/MZ9Uo3uSUK #iPhone
iPhone_News|590585698945732610|2015-04-21 18:39:37|WhatsApp for iPhone rolling out VoIP calling, gains iOS 8 share extension and more http://t.co/JAV8jeik1k #iPhone
iPhone_News|590571979255783426|2015-04-21 17:45:06|Video Review: Imation's LINK Power Drive is an All-In-One Hard Drive, Battery, and Stand [iOS Blog] http://t.co/uvOycFANBb #iPhone
iPhone_News|590554738304909313|2015-04-21 16:36:36|Adobe Lightroom Updated With HDR and Panorama Merge, Facial Recognition and Filter Brushes http://t.co/0xX9wQVDY2 #iPhone
iPhone_News|590546802425856001|2015-04-21 16:05:04|Apple Watch News Apps Bring At-a-Glance Headlines to Your Wrist http://t.co/vHHjEvM8ST #iPhone
iPhone_News|590543788860375041|2015-04-21 15:53:05|PowerPoint &amp; TripIt update with Apple Watch functions, Excel for iPhone gets comments http://t.co/9ySMGFluzP #iPhone
iPhone_News|590538877988786176|2015-04-21 15:33:34|Google ending YouTube support on older Apple TVs, iPhones, iPads, &amp; iPod touches http://t.co/Mz91xIdkuI #iPhone
iPhone_News|590523522654474240|2015-04-21 14:32:33|One Drop for iPhone &amp; Apple Watch is a dashboard &amp; community for managing diabetes http://t.co/t2s3AyRVUC #iPhone
iPhone_News|590523157603168256|2015-04-21 14:31:06|Security Flaw Affects 1500 iOS Apps While Apple's OS X 10.10.3 'Rootpipe' Fix Proves Incomplete http://t.co/ntMN2OJ0uT #iPhone
iPhone_News|590426192706195456|2015-04-21 08:05:48|RT @iphoneinformers: Apple Watch estimated To Make 3M Sales, and $2B In Revenue http://t.co/ZA56BoJxFz
iPhone_News|590410425340145664|2015-04-21 07:03:09|RT @iphoneinformers: New Pad And Quill TimberCatchall Organizer For Apple Watch and iPhone Hits The Market http://t.co/nOAtPih970
iPhone_News|590325181580718080|2015-04-21 01:24:25|iPhone News Daily is out! http://t.co/5eeXqkmxGi
iPhone_News|590290205078323200|2015-04-20 23:05:26|RT @iphoneinformers: New Alleged iPad Air Plus Case Compared to iPad Air 2 Photos Surface http://t.co/nkmGYPVCX5
iPhone_News|590282616986849281|2015-04-20 22:35:17|RT @iphoneinformers: New Report Says Tim Cook Is The Most Pay-efficient CEO In America http://t.co/KLhBHtemcI
iPhone_News|590274698279256064|2015-04-20 22:03:49|RT @iphoneinformers: FBR Capital Markets Rates Apple With A Price Target Of $185 http://t.co/vsxqOWeR9b
iPhone_News|590271999424921601|2015-04-20 21:53:06|Apple Watch Order Statuses Shifting to 'Preparing for Shipment' http://t.co/5xQVqfrLxO #iPhone
iPhone_News|590263665837871104|2015-04-20 21:19:59|RT @iphoneinformers: Analyst Believe iPhone 6 And 6 Plus Units Will Sell And Perform Better http://t.co/qcYe1BM2EC
iPhone_News|590263665166786560|2015-04-20 21:19:59|RT @iphoneinformers: Apple Starts The Notification Process For WWDC 2015 Ticket Winners http://t.co/8KYePzwH2y
iPhone_News|590258209845293056|2015-04-20 20:58:18|Contributed Tweets for @iPhone_News are delivered by @RoundTeam https://t.co/y78sZVJpJf
iPhone_News|590258204753453057|2015-04-20 20:58:17|RT @iphoneinformers: Microsoft Updates OneDrive App, Now Allows For Apple Watch Photo Viewing http://t.co/qWtkL4VUl3
iPhone_News|590256418667630592|2015-04-20 20:51:11|Apple Watch Brings Flight and Airline Apps to Your Wrist [iOS Blog] http://t.co/XFX11FBbcJ #iPhone
iPhone_News|590243853287821312|2015-04-20 20:01:15|TuneIn, Shazam, RunKeeper among latest apps ready for Apple Watch launch http://t.co/TPwUcrhsCg #iPhone
iPhone_News|590232112931864576|2015-04-20 19:14:36|Shazam, OneDrive, Porsche, FIFA 15, ESPN, JetBlue and More Apps Updated for Apple Watch http://t.co/LV83oVVY6q #iPhone
iPhone_News|590224484390449153|2015-04-20 18:44:17|YouTube App No Longer Available on Older Apple TV, iOS Devices [Mac Blog] http://t.co/cwjx2VTaXC #iPhone
iPhone_News|590222423137472512|2015-04-20 18:36:06|Build iPhone apps and conquer iOS 8 in 31 Days with this training course http://t.co/LJLv4lEpRq #iPhone
iPhone_News|590208602981277697|2015-04-20 17:41:11|Pad &amp; Quill introduce The Timber Catchall organizer/charging dock for Apple Watch &amp; iPhone http://t.co/o4egvREeJn #iPhone
iPhone_News|590204425601318913|2015-04-20 17:24:35|Manhattan district attorney grabs attention saying iPhone will become 'device of choice' for terrorists http://t.co/WRlA0GLwRC #iPhone
