Samsung_S5|591975679123660800|2015-04-25 14:42:54|RT @NerdyKowboy: I see the #LollipopUpdate is going out to more Galaxy s5 phones. NOT RECOMMENDED.  Worst thing to ever happen to my phone.…
Samsung_S5|575815452368068608|2015-03-12 00:27:56|I search for regular contributors to post articles regarding the latest news/tips/app of the s5 in our blog #android http://t.co/QYHTKCdTtA
Samsung_S5|565316797071888384|2015-02-11 01:10:02|What's Next ? #Samsung #android #mobile #smartphone #tech #geek #retweet #innovation http://t.co/18Z8iUu5of
Samsung_S5|543576798983114752|2014-12-13 01:23:02|Meet the stylish and powerful, Sleek Silver #GALAXYAlpha with Octa-Processor http://t.co/EaEPVJOeO6 #android #retweet http://t.co/D2hch9Feyy
Samsung_S5|543219996386529280|2014-12-12 01:45:14|More pixels. More colors. More entertainment. #GALAXYNote4 #Samsung #android #retweet #mobile #tech #geek http://t.co/qUWKcRUg43
Samsung_S5|542483126921220096|2014-12-10 00:57:10|No festive season is complete without a shiny little number! http://t.co/Qu7H4CHZDz #Samsung #GALAXYAlpha #android http://t.co/nQ5os6yydw
Samsung_S5|541766641747759105|2014-12-08 01:30:07|1 WANT = 1 RETWEET #GALAXYNoteEdge #Samsung #android #mobile #smartphone #tech #geek #retweet http://t.co/81LQKMGB1w
Samsung_S5|541037834359275520|2014-12-06 01:14:06|As a second canvas for self expression, personalize appearance and theme with Express Me on your #GALAXYNoteEdge http://t.co/YLRS6BL4Gw
Samsung_S5|540677194016915456|2014-12-05 01:21:03|The side screen of #GalaxyNoteEdge continuously displays the most important information for you. #Samsung #android http://t.co/e7hVqcv1bF
Samsung_S5|539947260440616960|2014-12-03 01:00:33|The Quad HD Super AMOLED display on the #GALAXYNote 4 is beyond sweet! Do you agree? #Samsung #tech #geek #retweet http://t.co/oOwLSdVBX4
Samsung_S5|539222386076549120|2014-12-01 01:00:09|#Samsung #GALAXYAlpha with the advanced multi-processing feature: http://t.co/q05bKMRytY #android #mobile #tech #geek http://t.co/FhiLjpO8Pq
Samsung_S5|538859992418643968|2014-11-30 01:00:08|don't worry it's a #Samsung #GalaxyS5 http://t.co/i9ipQP12nB #android #mobile #smartphone #tech #geek #retweet http://t.co/H9cNjxRL35
Samsung_S5|538494073829867520|2014-11-29 00:46:06|Which combination would you most like to have? #Samsung #GALAXYNote4 #android #retweet #mobile #gearS #tech #geek http://t.co/1dlDJwwanZ
Samsung_S5|538135345863598081|2014-11-28 01:00:39|Be the trendsetter with the ultimate style accessory: http://t.co/IpVsSYq1xp #Samsung #GALAXYAlpha #android #geek http://t.co/AYfbARM7sC
Samsung_S5|537414010992603136|2014-11-26 01:14:19|Taking notes takes an altogether different spin with #Samsung #GALAXYNote4 Photo Notes. Have you tried it? #android http://t.co/jVLFEf9QMc
Samsung_S5|537055579454586880|2014-11-25 01:30:02|#Samsung #GALAXYNote4 is just awesome : http://t.co/SXCjlwQOuR #android #retweet #mobile #samsung #tech #geek http://t.co/fVkpn888Lq
Samsung_S5|536328288625778688|2014-11-23 01:20:03|#Samsung #GalaxyS5 with gear fit. http://t.co/RNRAyP7ItZ How many #retweet ? #android #mobile #smartphone #tech #geek http://t.co/JVxCPDEtKt
Samsung_S5|535608590024052737|2014-11-21 01:40:13|It not only glitters, it shines as well. Here comes #Samsung #GALAXYAlpha in Sleek Silver color #android #tech #geek http://t.co/E57ccP3DgA
Samsung_S5|535243886172856320|2014-11-20 01:31:01|If your kid's imagination goes this far, worry not! #Samsung #GALAXYS5 is dust &amp; water resistant. #android #retweet http://t.co/An9ShG1X1t
Samsung_S5|534873790363492352|2014-11-19 01:00:23|It’s not just stylish, it’s smart too.Gear up to an uber cool experience with #Samsung #GearS #geek #retweet #android http://t.co/DcChx9fXLk
Samsung_S5|534530938471202817|2014-11-18 02:18:01|No matter how you look at it, the Super AMOLED display on #Samsung #GALAXYNote4 is really vivid. #android #retweet http://t.co/09FvZpLXGH
Samsung_S5|534165292394749954|2014-11-17 02:05:04|Switch to ultra power saving mode on #Samsung #GALAXYS5 and extend your battery life.http://t.co/4vu7R2lX3H #… http://t.co/OiS1m3roiI
Samsung_S5|533795842285928448|2014-11-16 01:37:00|Classic black or chic white:what’s your #GALAXYS5 style? #Samsung #android #mobile #smartphone #tech #geek #retweet http://t.co/Iu57hm6uxL
Samsung_S5|533440753511727104|2014-11-15 02:06:01|The Galaxy Note Edge , #retweet if you find it awesome #Samsung #android #mobile #smartphone #tech #geek http://t.co/FdydwGwtWt
Samsung_S5|532700673935441920|2014-11-13 01:05:12|#GalaxyNote4 #GalaxyS5 #GalaxyAlpha, #GalaxyTabS, what's your favorite #Samsung products? http://t.co/YcieB97xck http://t.co/LCIaI11pNj
Samsung_S5|532338516949475328|2014-11-12 01:06:07|Inside car mode on the #Samsung #GalaxyS5 : http://t.co/l8yT3J7NtU #android #mobile #smartphone #tech #geek #retweet http://t.co/X3FFZS6YbM
Samsung_S5|531979691297869825|2014-11-11 01:20:16|See everything in its true beauty on the Super AMOLED screen of #Samsung #GALAXYAlpha #android #mobile #smartphone http://t.co/FY72i8X5m9
Samsung_S5|531070696672464896|2014-11-08 13:08:15|The Note 4 has many superpowers, including taking awesome photos in low-light conditions. That’s this weekend sorted! http://t.co/VEj8wpm5RU
Samsung_S5|530162938405851138|2014-11-06 01:01:09|Revolutionary stylish! #Samsung #GearS redefines the idea of a smart wearable. #samrtwatch #retweet #tech #geek http://t.co/DDaV5ofEu6
Samsung_S5|529450484768440320|2014-11-04 01:50:06|#GALAXYAlpha is not just a pretty face. It comes with a brilliant 4.7-inch HD Super AMOLED display  #android #samsung http://t.co/wjotnVqGUm
Samsung_S5|527991357240250368|2014-10-31 01:12:03|1 WANT = 1 RETWEET : http://t.co/lJoyyIOpcN #GALAXYNote4 #android #mobile #samsung #tech #geek #retweet http://t.co/wxlg9pYUHm
Samsung_S5|526911729125822465|2014-10-28 01:42:00|Can you name each member of the Galaxy that make up this dream team device? #samsung #mobile #android #quiz #tech http://t.co/H373iROzuO
Samsung_S5|525806477458800640|2014-10-25 00:30:07|Carry the #GALAXYS5 everywhere you go without any worries. Thanks to its Water &amp; Dust resistant feature #android http://t.co/JyJhaWMhwQ
Samsung_S5|525444125462888449|2014-10-24 00:30:16|What’s your go-to device? #Gear2 #GalaxyS5 #GearFit #GalaxyTabS #mobile #android #samsung #tech #smartphone #retweet http://t.co/CufMCieU06
Samsung_S5|524719380740177920|2014-10-22 00:30:23|Upgrade your style with the sleek and slim #GALAXYAlpha,and make heads turn  http://t.co/CQFXpbtGiS #mobile #android http://t.co/mveSsNWSS6
Samsung_S5|524345115159298048|2014-10-20 23:43:11|Let us know what is your best accessory of the day! http://t.co/Q15aWiqncm  #GALAXYAlpha #Samsung #mobile #android http://t.co/ddpaXTYPk1
Samsung_S5|523048056628211712|2014-10-17 09:49:09|#GalaxyS5 Real Results : http://t.co/o6boKiUIAX   #Samsung #mobile #android #geek #tech #retweet #photography http://t.co/W13cMdEB1v
Samsung_S5|522539171442089984|2014-10-16 00:07:01|We’ve come a long way. #GALAXYS5 #Samsung #mobile #android #geek #tech #retweet http://t.co/XzgZhawi52
Samsung_S5|521812797748170752|2014-10-14 00:00:40|"The #GalaxyNote4 is available for sale! http://t.co/yM1d9UKVuo Will you succumb? 
#android  #geek #samsung  #retweet http://t.co/KaAFBaXguR"
Samsung_S5|521069070268248064|2014-10-11 22:45:22|#GalaxyS5 Vs #iPhone6 Which do you prefer? #mobile #android #ios #apple #samsung #tech #smartphone #retweet http://t.co/irakcl1J1W
Samsung_S5|520361848944594944|2014-10-09 23:55:07|Just alpha : http://t.co/aNW14GUqjx  #GalaxyAlpha #Samsung #mobile #android #geek #tech #retweet http://t.co/T4bMucE1dS
Samsung_S5|519648895027003394|2014-10-08 00:42:05|#GalaxyS5 isn't afraid of water #Samsung #mobile #android #geek #tech #retweet #ip67 http://t.co/e42xW51sKP
Samsung_S5|518187753599938560|2014-10-03 23:56:02|A love letter to our #GALAXYS5. Anyone else feel this way? #Samsung #GalaxyS5? #mobile #android #geek #tech #retweet http://t.co/n3Bo0rSw9B
Samsung_S5|516732680726401024|2014-09-29 23:34:06|Golden sun VS Silver moon http://t.co/5uvV5K2njC #GalaxyAlpha #smartphone #samsung #mobile #android #retweet #versus http://t.co/EYvT3p6cYu
Samsung_S5|516206155937611776|2014-09-28 12:41:52|Retweet if you love The gears #smartwatch #mobile #android #retweet  #Samsung #Gear http://t.co/BKLWGgk4pg
Samsung_S5|515638726190702592|2014-09-26 23:07:07|Style. Slim. Metal. Just Alpha. #GalaxyAlpha http://t.co/aTHUkh3fyD #smartphone #samsung #mobile #android #retweet http://t.co/7rGsUREJZA
Samsung_S5|514927326271131648|2014-09-25 00:00:16|1 WANT = 1 RETWEET  #android  #smartphone #geek  #samsung #mobile #android #retweet #galaxys5 http://t.co/VBOdPCKTST
Samsung_S5|514205760549814272|2014-09-23 00:13:01|Make it personal with your style: http://t.co/XVPeTVguTj #gearfit #galaxyS5 #smartwatch #mobile #android #retweet http://t.co/yUUvBvagUZ
Samsung_S5|513834593850765312|2014-09-21 23:38:08|Bright displays.Yes,it's the #GalaxyS5 ’s Super AMOLED FHD screen : http://t.co/l6hoYohh1m #samsung #mobile #android http://t.co/Y94jdgybje
Samsung_S5|513470940240695296|2014-09-20 23:33:06|Exclusive: http://t.co/G5urs2vaoI This is the #Samsung #Galaxy A5 (SM-A500F) #mobile #android #geek #tech #retweet http://t.co/ytAX9iqMoh
Samsung_S5|513113063109980160|2014-09-19 23:51:02|#S5 family is now complete. Which model do you like? #Samsung #GalaxyS5 #mobile #android #geek #tech #retweet http://t.co/ImvUGOXuAZ
Samsung_S5|512746167570939905|2014-09-18 23:33:07|Have you tried Heart Beat Scanner on Your #Samsung #GalaxyS5? #mobile #android #geek #tech #retweet http://t.co/NeQdz6JllR
Samsung_S5|512394573164072962|2014-09-18 00:16:00|Who loves the #Samsung #Gear S ? #Smartwatch #retweet http://t.co/tu9MAUuJS5
Samsung_S5|510949573326815232|2014-09-14 00:34:05|This one’s a toughie- can you find the #GALAXYS5? #mobile #android #geek #tech #retweet #Samsung http://t.co/rWyvXQIowc
Samsung_S5|510585154981855233|2014-09-13 00:26:01|Who &lt;3 's the Galaxy Alpha ? http://t.co/T7aa93V9bD #mobile #android #geek #tech #retweet #news #Samsung #GalaxyAlpha http://t.co/xi4xJfgOFS
Samsung_S5|510217981826437120|2014-09-12 00:07:00|what part is missed ? #Samsung #GalaxyS5 #mobile #android #puzzle #tech #retweet http://t.co/LOtd7lag8z
Samsung_S5|509129841485316096|2014-09-09 00:03:08|What do you think about the #Samsung #GalaxyS5 mini ? #mobile #tech #android #geek #retweet http://t.co/f0Y9uZWJX6
Samsung_S5|507688334932865025|2014-09-05 00:35:06|Welcome to the #Samsung family! What’s on your wish list? or do you prefer the #GalaxyS5 ?? #mobile #android #retweet http://t.co/tQTJUUfwDU
Samsung_S5|506959834437419009|2014-09-03 00:20:18|#Samsung #GalaxyS5  ♥'s creativity : http://t.co/D7wEXQfiuk #mobile #android #geek #tech #retweet http://t.co/TpsD5Otus5
Samsung_S5|505322519097004032|2014-08-29 11:54:11|Long train journey &amp; want to watch something on your #phone? Deploy your #sunglasses like this for an instant stand. http://t.co/S09dnIi3iO
Samsung_S5|504065440214421505|2014-08-26 00:39:00|RETWEET if you find it AWESOME  #galaxyS5 #samsung #android #retweet #mobile #smartphone #gearfit http://t.co/9YoFFdbm7J
Samsung_S5|503333128661110784|2014-08-24 00:09:04|Brrr, our #GalaxyS5 just took the #ALS #IceBucketChallenge. http://t.co/J3geGemxNQ Are you up for the challenge? #Samsung  #mobile #android
Samsung_S5|501159543226003456|2014-08-18 00:12:00|RETWEET if you're not a morning person either! #Samsung #GalaxyS5 #mobile #android #geek #tech #retweet http://t.co/ovcVGSS92M
Samsung_S5|500429265176133633|2014-08-15 23:50:09|#Samsung #GalaxyAlpha specs : http://t.co/rHRpKvumh4 #mobile #android #geek #tech #retweet #news http://t.co/rG3lEKSwVr
Samsung_S5|499709489554415616|2014-08-14 00:10:01|Say hello to the Galaxy S5 mini :D #Samsung #mobile #android #geek #tech #retweet http://t.co/eqGVZ5Bih7
Samsung_S5|498621341420232704|2014-08-11 00:06:06|The #beach ♥’s the Water Resistant #GALAXYS5!  http://t.co/ePW86Tf1Fp #Samsung #mobile #android #geek #tech #retweet http://t.co/hgxY36Azgj
Samsung_S5|497891369529376771|2014-08-08 23:45:27|1 RETWEET = 1 WANT : http://t.co/nmyMhXn4M1 #Samsung #GalaxyS5 #mobile #android #news #tech #retweet http://t.co/Gpw6fy0ED0
Samsung_S5|496088126117253120|2014-08-04 00:20:00|The #GalaxyS5 is one of our latest #Android #smartphones: http://t.co/itRDzncUSd Can you name our first? #samsung http://t.co/V7BP8wHYTR
Samsung_S5|495701878638784512|2014-08-02 22:45:12|LOOKING GOOD: Guess which European countries used the #selfie hashtag the most this year. #GalaxyS5  #android  #geek http://t.co/NCv3y1m3OE
Samsung_S5|494635066312916994|2014-07-31 00:06:04|Using the S #Health #app on the #Samsung #GalaxyS5 : http://t.co/XYAMyrZltI #android #mobile  #smartphone #geek http://t.co/SsHlixJEs1
Samsung_S5|494273707624648704|2014-07-30 00:10:09|The water resistant phone : http://t.co/HiRLpDpltT #GalaxyS5 #android #mobile #samsung #tech #smartphone #geek http://t.co/GRKi6D43Nr
Samsung_S5|492832678345854977|2014-07-26 00:44:01|Who will be the fastest to find 7 differences? Go! #galaxyS5 #samsung #android #retweet #mobile #challenge http://t.co/x61iXx46t4
Samsung_S5|491740249400565760|2014-07-23 00:23:06|What about black? http://t.co/34sYiMTf48 #galaxyS5 #samsung #android #retweet #mobile #smartphone http://t.co/TdZgBtllnb
Samsung_S5|490654076519329792|2014-07-20 00:27:02|RETWEET if you find it AWESOME : http://t.co/uLEmEGcIJ6 #galaxyS5 #samsung #android   #retweet #mobile #smartphone http://t.co/ko0gQENTCi
Samsung_S5|490289676520292353|2014-07-19 00:19:02|is it a 5 or an S? ... or both? #galaxyS5 #samsung #android #tech #retweet #mobile #smartphone http://t.co/QT9ltEOpXs
Samsung_S5|488837228228263936|2014-07-15 00:07:32|Uncharged phones are no longer allowed on flights : http://t.co/lXguc2Oo0i  #Samsung #GalaxyS5 #mobile #android #tech http://t.co/0WEVALDdfs
Samsung_S5|488473474638573570|2014-07-14 00:02:06|1 RETWEET = 1 WANT #Samsung #GalaxyS5 #mobile #android #news #tech #retweet http://t.co/QpnOVYRyWf
Samsung_S5|487751979989741568|2014-07-12 00:15:08|How to use the Heart Rate Monitor on the #GalaxyS5 : http://t.co/q8ODJowOIU #samsung #android #health #tech #tips http://t.co/Qsh4LE0liw
Samsung_S5|486680912453976064|2014-07-09 01:19:06|Picking the perfect flowers. Topping the cake. What moments would you capture on the Big Day? #GALAXYS5 #samsung http://t.co/k9Eih6zD1j
Samsung_S5|485576797510045696|2014-07-06 00:11:44|#GalaxyS5 the #Waterresistant phone : http://t.co/zqirFrZGlU #android #mobile #samsung #tech #smartphone #geek http://t.co/Fq5bXG4PHz
Samsung_S5|485205535395172353|2014-07-04 23:36:28|#GalaxyS5 Vs #iPhone5s , Which do you prefer? #mobile #android #ios #apple #samsung #tech #smartphone #retweet http://t.co/KpLvfeDCtp
Samsung_S5|483400798484062209|2014-06-30 00:05:06|Get the same picture as everyone else on vacation, just better. #galaxys5 #samsung #mobile #retweet # smartphone http://t.co/9gDaN0nc97
Samsung_S5|482680030284513281|2014-06-28 00:21:01|How to Customize the #GalaxyS5 Notification Bar : http://t.co/gpQ9w6Xnr2 #samsung #android #mobile #geek #retweet http://t.co/PbP9LtxK87
Samsung_S5|482313664029274112|2014-06-27 00:05:13|A lot of #GalaxyS5 Mobile Phones! http://t.co/k0o306JGhz #samsung #android #mobile #tech #geek #retweet #smartphone http://t.co/kzXcB9Xk2P
Samsung_S5|480861813366849536|2014-06-22 23:56:04|How to Turn Off or Adjust #GalaxyS5 Button Lights : http://t.co/SHxSz4Fq1s #samsung #mobile #android #tips #geek http://t.co/HWSYR6Ew2n
Samsung_S5|480321746461925376|2014-06-21 12:10:02|Being able to use your phone in the kitchen without fear http://t.co/hHTqcE6KAC  #GALAXYS5 #samsung #geek #android http://t.co/itVtytXdte
Samsung_S5|478688712365465600|2014-06-17 00:00:57|1 RETWEET = 1 WANT #samsung #smartwatch #tech #retweet #geek http://t.co/XPMR5G662E
Samsung_S5|477542174985568256|2014-06-13 20:05:01|Never miss a moment this #summer, with the super-fast autofocus http://t.co/WVL4MxuIRO #samsung #worldcup #retweet http://t.co/E0sMcC09wk
Samsung_S5|476343277621612544|2014-06-10 12:41:02|Pictures of the #premium #Samsung #Galaxy F leak : http://t.co/ubqQZgOSFQ #android #mobile #tech #smartphone http://t.co/YE2buD8okg
Samsung_S5|475268483018932224|2014-06-07 13:30:11|The #GalaxyS5 S #Health app will provide true #motivation needed to hit your goals  #samsung http://t.co/UFeCdtktuC
Samsung_S5|475043724293324800|2014-06-06 22:37:04|The new #Gear #Fit will get your pulse racing. And it will also monitor it. #Samsung #retweet #tech http://t.co/47s6IL1MFj
Samsung_S5|472532952241692672|2014-05-31 00:20:09|#Samsung 's #GalaxyS5 Active Made Official : http://t.co/JDiXbS4Qg5 #mobile #android #news #tech #retweet http://t.co/zdDbvgERfk
Samsung_S5|472029968529375232|2014-05-29 15:01:29|1 RETWEET = 1 WANT: http://t.co/tEx8Ae8xDi #Samsung #GalaxyS5 #mobile #android #news #tech #retweet http://t.co/cx7HG5ntH6
Samsung_S5|471088900333903872|2014-05-27 00:42:00|50+ #Samsung #GalaxyS5 #Tips &amp; #Tricks : http://t.co/PZN6U0LpxI #mobile #android #tech #news #smartphone http://t.co/LxPiv3QHtP
Samsung_S5|470359365074317312|2014-05-25 00:23:06|The screen of #GalaxyS5 was designated by experts as the best ever tested : http://t.co/JckIlDPvn2 #mobile #android http://t.co/uXj8W1KuHk
Samsung_S5|469994462366924800|2014-05-24 00:13:06|#Galaxy S5 #prime Exclusive Features : http://t.co/1FcrTE4sjD #samsung #news #tech #geek #android http://t.co/XgvTcIvvm6
Samsung_S5|469632595345829888|2014-05-23 00:15:10|#GearFit OR #Gear2Lite ? #mobile #samsung #android #versus #smartwatch http://t.co/3j0nvXQRvo
Samsung_S5|468490446256480256|2014-05-19 20:36:41|#Samsung #Galaxy S5 #Prime and Active break cover on camera : http://t.co/IcqGZNcRm7 #mobile #android #news #tech http://t.co/UEqQDnrMcO
Samsung_S5|467789641987678208|2014-05-17 22:11:56|Ready to take on the day with Ultra Power Saving Mode:http://t.co/63kmQPtp4T  #Samsung #galaxys5 #android #smartphone http://t.co/u4b7cqfS79
Samsung_S5|467434029193900032|2014-05-16 22:38:51|#Samsung Galaxy S5 Prime To Come In 5 Colors : http://t.co/DRh3JTsfvp #galaxys5 #android #news #smartphone http://t.co/JfRBzSrI8j
